date,temp,rh,wind_speed,wind_dir,cloud_cover_low,cloud_cover_mid,cloud_cover_high
2025-03-01 00:00:00,17.5,87,9.8,70,2,51,52
2025-03-01 01:00:00,16.9,87,9.0,70,0,19,0
2025-03-01 02:00:00,16.4,89,9.1,98,0,24,10
2025-03-01 03:00:00,16.0,90,8.5,58,0,53,1
2025-03-01 04:00:00,15.8,90,9.0,95,0,66,0
2025-03-01 05:00:00,15.6,89,10.6,87,0,18,100
2025-03-01 06:00:00,16.9,93,14.3,107,2,18,37
2025-03-01 07:00:00,16.7,91,15.8,98,2,21,76
2025-03-01 08:00:00,17.5,90,11.5,100,1,46,88
2025-03-01 09:00:00,18.6,83,8.4,105,0,88,98
2025-03-01 10:00:00,19.6,79,8.5,118,0,42,98
2025-03-01 11:00:00,21.2,75,3.7,113,0,37,21
2025-03-01 12:00:00,22.7,71,3.3,81,0,30,68
2025-03-01 13:00:00,23.8,67,4.4,71,0,17,49
2025-03-01 14:00:00,24.1,65,3.7,47,11,24,95
2025-03-01 15:00:00,24.2,66,3.0,38,21,27,21
2025-03-01 16:00:00,23.4,67,2.9,11,48,16,5
2025-03-01 17:00:00,22.7,70,3.4,43,0,7,1
2025-03-01 18:00:00,22.0,77,4.7,28,0,15,3
2025-03-01 19:00:00,21.1,81,5.2,25,0,10,4
2025-03-01 20:00:00,20.4,83,5.1,17,1,6,28
2025-03-01 21:00:00,20.1,84,7.6,353,1,3,0
2025-03-01 22:00:00,19.3,85,9.0,10,0,0,0
2025-03-01 23:00:00,18.5,86,7.8,15,0,0,0
2025-03-02 00:00:00,17.8,88,6.1,14,0,0,0
2025-03-02 01:00:00,17.3,89,5.3,12,0,0,0
2025-03-02 02:00:00,16.9,89,5.5,11,0,0,0
2025-03-02 03:00:00,16.6,88,6.8,360,0,0,0
2025-03-02 04:00:00,16.1,88,6.6,344,0,0,0
2025-03-02 05:00:00,15.5,89,5.6,331,0,0,0
2025-03-02 06:00:00,16.1,88,6.3,333,0,0,0
2025-03-02 07:00:00,16.2,87,6.5,316,0,0,0
2025-03-02 08:00:00,17.6,82,5.5,302,0,0,0
2025-03-02 09:00:00,19.4,74,6.2,306,0,0,0
2025-03-02 10:00:00,21.4,63,6.3,307,0,0,0
2025-03-02 11:00:00,23.4,44,8.7,317,0,0,0
2025-03-02 12:00:00,24.3,37,11.2,318,0,0,0
2025-03-02 13:00:00,24.7,35,12.5,314,0,0,0
2025-03-02 14:00:00,24.6,35,13.2,309,0,0,0
2025-03-02 15:00:00,24.1,37,12.7,310,0,0,0
2025-03-02 16:00:00,23.3,41,11.0,311,0,0,0
2025-03-02 17:00:00,22.0,48,7.9,305,0,0,0
2025-03-02 18:00:00,19.7,59,6.2,287,0,0,0
2025-03-02 19:00:00,18.4,65,5.9,288,0,0,0
2025-03-02 20:00:00,17.2,71,5.5,302,0,0,0
2025-03-02 21:00:00,16.5,73,5.4,310,0,0,0
2025-03-02 22:00:00,16.0,72,5.4,307,0,0,0
2025-03-02 23:00:00,15.6,69,5.9,310,0,0,0
2025-03-03 00:00:00,15.0,69,5.9,317,0,0,0
2025-03-03 01:00:00,14.4,70,5.5,337,0,0,0
2025-03-03 02:00:00,13.7,73,6.0,353,0,0,0
2025-03-03 03:00:00,13.4,73,6.1,355,0,0,0
2025-03-03 04:00:00,13.1,74,4.3,355,0,0,0
2025-03-03 05:00:00,12.9,75,4.0,3,0,0,0
2025-03-03 06:00:00,13.2,77,4.6,9,0,0,0
2025-03-03 07:00:00,13.9,78,4.1,360,0,0,0
2025-03-03 08:00:00,16.5,69,2.4,42,0,0,0
2025-03-03 09:00:00,19.5,60,0.9,127,0,0,0
2025-03-03 10:00:00,22.2,44,2.0,117,0,0,0
2025-03-03 11:00:00,24.3,34,2.7,127,0,0,0
2025-03-03 12:00:00,25.8,31,3.4,174,0,0,0
2025-03-03 13:00:00,26.7,34,5.4,195,0,2,0
2025-03-03 14:00:00,27.0,37,7.1,196,0,29,0
2025-03-03 15:00:00,26.4,40,7.6,198,0,19,0
2025-03-03 16:00:00,25.7,45,7.4,158,0,11,0
2025-03-03 17:00:00,24.4,54,5.9,130,0,14,0
2025-03-03 18:00:00,23.3,57,7.7,152,0,11,0
2025-03-03 19:00:00,22.3,60,7.3,130,0,8,0
2025-03-03 20:00:00,21.6,64,6.9,120,0,52,0
2025-03-03 21:00:00,21.4,63,7.8,122,0,40,0
2025-03-03 22:00:00,20.5,67,6.2,116,0,17,0
2025-03-03 23:00:00,19.8,69,5.7,143,0,9,0
2025-03-04 00:00:00,19.1,71,5.8,164,0,0,0
2025-03-04 01:00:00,18.7,72,6.5,193,0,1,0
2025-03-04 02:00:00,18.4,72,8.7,288,0,1,0
2025-03-04 03:00:00,17.2,78,4.9,262,0,1,0
2025-03-04 04:00:00,16.0,83,4.0,260,0,0,0
2025-03-04 05:00:00,15.7,83,6.1,273,0,0,0
2025-03-04 06:00:00,16.6,82,7.1,263,0,0,0
2025-03-04 07:00:00,17.0,80,9.5,268,0,0,0
2025-03-04 08:00:00,18.3,76,9.9,273,0,0,0
2025-03-04 09:00:00,19.9,67,10.9,276,0,0,0
2025-03-04 10:00:00,21.6,57,11.1,277,0,0,0
2025-03-04 11:00:00,23.0,53,10.6,288,0,0,0
2025-03-04 12:00:00,24.1,47,11.3,306,19,42,0
2025-03-04 13:00:00,24.5,42,12.3,307,8,39,0
2025-03-04 14:00:00,24.5,40,13.9,301,5,50,0
2025-03-04 15:00:00,24.5,41,14.4,299,1,21,0
2025-03-04 16:00:00,23.9,41,14.9,300,1,18,0
2025-03-04 17:00:00,22.6,45,17.0,309,8,19,0
2025-03-04 18:00:00,21.1,51,15.4,315,0,0,0
2025-03-04 19:00:00,20.2,52,13.1,307,0,0,0
2025-03-04 20:00:00,19.3,50,14.2,309,0,0,0
2025-03-04 21:00:00,18.2,52,13.5,308,0,0,0
2025-03-04 22:00:00,17.4,53,13.4,309,0,0,0
2025-03-04 23:00:00,16.7,55,13.4,309,0,0,0
2025-03-05 00:00:00,15.9,57,13.8,307,0,0,0
2025-03-05 01:00:00,15.3,60,14.4,307,0,0,0
2025-03-05 02:00:00,14.7,62,14.7,303,0,0,0
2025-03-05 03:00:00,14.0,63,14.3,301,0,0,0
2025-03-05 04:00:00,13.4,61,14.6,302,0,0,0
2025-03-05 05:00:00,13.1,56,15.6,301,0,0,0
2025-03-05 06:00:00,12.7,64,15.8,299,0,0,0
2025-03-05 07:00:00,12.8,63,16.4,295,0,0,0
2025-03-05 08:00:00,14.0,60,14.6,289,0,0,0
2025-03-05 09:00:00,16.0,53,17.4,294,0,0,0
2025-03-05 10:00:00,18.2,46,18.9,302,0,0,0
2025-03-05 11:00:00,19.9,40,20.9,303,0,0,0
2025-03-05 12:00:00,21.4,34,22.2,307,0,0,0
2025-03-05 13:00:00,22.3,30,22.7,305,0,0,0
2025-03-05 14:00:00,22.9,27,22.7,300,0,0,0
2025-03-05 15:00:00,22.9,28,21.9,295,0,0,0
2025-03-05 16:00:00,22.4,31,20.7,293,0,0,0
2025-03-05 17:00:00,21.7,30,18.9,297,0,0,0
2025-03-05 18:00:00,21.0,34,17.8,300,0,0,0
2025-03-05 19:00:00,20.3,35,16.8,298,0,0,0
2025-03-05 20:00:00,19.4,36,16.8,301,0,0,0
2025-03-05 21:00:00,18.7,38,17.4,305,0,0,0
2025-03-05 22:00:00,18.4,38,17.6,308,0,0,0
2025-03-05 23:00:00,17.8,39,15.9,305,0,0,0
2025-03-06 00:00:00,17.0,42,14.2,300,0,0,0
2025-03-06 01:00:00,15.9,45,13.2,290,0,0,0
2025-03-06 02:00:00,15.2,46,13.5,289,0,0,0
2025-03-06 03:00:00,14.8,46,13.1,293,0,0,0
2025-03-06 04:00:00,14.4,47,12.8,292,0,0,0
2025-03-06 05:00:00,13.9,48,12.3,292,0,0,0
2025-03-06 06:00:00,12.9,58,12.1,285,0,0,0
2025-03-06 07:00:00,13.3,56,13.2,285,0,0,0
2025-03-06 08:00:00,15.1,54,13.4,282,0,0,0
2025-03-06 09:00:00,17.6,47,12.5,282,0,0,0
2025-03-06 10:00:00,20.3,41,12.8,287,0,0,0
2025-03-06 11:00:00,22.6,34,13.5,293,0,0,0
2025-03-06 12:00:00,24.3,29,13.6,294,0,0,0
2025-03-06 13:00:00,25.6,25,13.4,290,0,0,0
2025-03-06 14:00:00,26.4,24,13.0,284,0,0,0
2025-03-06 15:00:00,26.7,23,12.2,283,0,0,0
2025-03-06 16:00:00,26.3,23,10.5,278,0,0,0
2025-03-06 17:00:00,25.0,30,7.0,271,0,0,0
2025-03-06 18:00:00,22.9,42,3.3,261,0,0,0
2025-03-06 19:00:00,22.3,43,1.3,270,0,0,0
2025-03-06 20:00:00,21.7,43,1.8,281,0,0,0
2025-03-06 21:00:00,20.6,46,2.0,243,0,0,0
2025-03-06 22:00:00,19.7,49,2.7,270,0,0,0
2025-03-06 23:00:00,18.7,52,3.6,290,0,0,0
2025-03-07 00:00:00,17.8,55,4.1,270,0,0,0
2025-03-07 01:00:00,16.8,59,3.6,327,0,0,0
2025-03-07 02:00:00,15.6,62,3.5,12,0,0,0
2025-03-07 03:00:00,15.3,61,2.5,8,0,0,0
2025-03-07 04:00:00,15.2,60,1.0,301,0,0,0
2025-03-07 05:00:00,13.9,66,3.0,237,0,0,0
2025-03-07 06:00:00,12.6,75,5.0,251,0,0,0
2025-03-07 07:00:00,13.3,72,5.8,254,0,0,0
2025-03-07 08:00:00,16.1,62,5.2,268,0,0,0
2025-03-07 09:00:00,19.9,47,3.8,275,0,0,0
2025-03-07 10:00:00,23.5,33,4.8,290,0,0,3
2025-03-07 11:00:00,25.8,24,5.4,304,0,0,0
2025-03-07 12:00:00,27.3,20,5.8,300,0,0,0
2025-03-07 13:00:00,28.2,19,7.1,291,0,0,0
2025-03-07 14:00:00,28.5,21,8.9,291,0,0,0
2025-03-07 15:00:00,28.4,22,9.5,292,0,0,0
2025-03-07 16:00:00,27.9,23,9.4,294,0,0,0
2025-03-07 17:00:00,26.7,26,8.4,295,0,0,0
2025-03-07 18:00:00,24.3,33,4.4,302,0,0,0
2025-03-07 19:00:00,23.0,39,4.3,303,0,0,0
2025-03-07 20:00:00,22.4,38,5.4,312,0,0,0
2025-03-07 21:00:00,21.5,45,4.0,297,0,0,0
2025-03-07 22:00:00,20.3,46,4.5,254,0,0,0
2025-03-07 23:00:00,19.3,49,5.5,283,0,0,0
2025-03-08 00:00:00,18.5,51,5.6,291,0,0,0
2025-03-08 01:00:00,17.5,54,5.5,297,0,0,0
2025-03-08 02:00:00,16.7,56,4.9,268,0,0,0
2025-03-08 03:00:00,15.8,59,5.2,264,0,0,0
2025-03-08 04:00:00,15.3,61,6.0,267,0,0,0
2025-03-08 05:00:00,14.7,62,6.3,263,0,0,0
2025-03-08 06:00:00,14.8,66,6.6,279,0,0,0
2025-03-08 07:00:00,15.6,62,6.6,283,0,0,0
2025-03-08 08:00:00,18.1,54,6.5,265,0,0,0
2025-03-08 09:00:00,21.5,43,6.7,276,0,0,0
2025-03-08 10:00:00,24.7,36,8.4,285,0,0,0
2025-03-08 11:00:00,27.5,28,9.4,305,0,0,0
2025-03-08 12:00:00,29.2,21,12.0,303,0,0,0
2025-03-08 13:00:00,29.9,20,12.0,306,0,0,1
2025-03-08 14:00:00,30.2,20,11.9,305,0,0,3
2025-03-08 15:00:00,30.0,21,11.6,303,0,0,0
2025-03-08 16:00:00,29.4,23,10.3,306,0,0,0
2025-03-08 17:00:00,28.4,25,8.9,306,0,0,5
2025-03-08 18:00:00,26.3,35,7.1,263,0,0,4
2025-03-08 19:00:00,24.8,42,4.4,258,0,0,2
2025-03-08 20:00:00,23.4,50,2.5,225,0,0,0
2025-03-08 21:00:00,22.7,51,2.3,238,0,0,0
2025-03-08 22:00:00,22.6,50,1.5,7,0,0,0
2025-03-08 23:00:00,22.0,51,2.2,85,0,0,0
2025-03-09 00:00:00,21.0,53,2.5,188,0,0,4
2025-03-09 01:00:00,21.4,54,0.2,180,0,0,0
2025-03-09 02:00:00,20.6,55,0.8,63,0,0,0
2025-03-09 03:00:00,18.9,60,2.9,68,0,0,16
2025-03-09 04:00:00,17.7,65,3.8,107,0,0,0
2025-03-09 05:00:00,17.3,64,5.7,127,0,0,0
2025-03-09 06:00:00,16.9,73,5.0,111,0,0,5
2025-03-09 07:00:00,18.3,66,6.1,135,0,0,0
2025-03-09 08:00:00,21.2,56,6.2,120,0,0,0
2025-03-09 09:00:00,24.7,45,5.4,124,0,0,0
2025-03-09 10:00:00,27.6,33,8.3,139,0,0,0
2025-03-09 11:00:00,29.4,27,8.1,143,0,0,0
2025-03-09 12:00:00,30.7,24,7.6,152,0,0,0
2025-03-09 13:00:00,31.5,22,7.9,163,0,0,0
2025-03-09 14:00:00,31.9,21,7.7,169,0,0,6
2025-03-09 15:00:00,31.9,22,8.3,178,0,0,4
2025-03-09 16:00:00,31.4,23,10.1,179,0,0,0
2025-03-09 17:00:00,30.3,26,11.9,177,0,0,0
2025-03-09 18:00:00,28.6,31,7.4,162,0,0,0
2025-03-09 19:00:00,26.9,36,6.6,133,0,0,0
2025-03-09 20:00:00,25.9,40,6.7,126,0,0,0
2025-03-09 21:00:00,25.2,43,7.2,115,0,0,0
2025-03-09 22:00:00,24.1,48,8.0,108,0,0,12
2025-03-09 23:00:00,22.8,51,5.6,117,0,0,8
2025-03-10 00:00:00,22.0,53,7.4,103,0,0,1
2025-03-10 01:00:00,21.1,55,8.4,109,0,0,54
2025-03-10 02:00:00,20.5,58,9.6,124,0,0,90
2025-03-10 03:00:00,20.0,61,9.0,125,0,0,100
2025-03-10 04:00:00,19.5,62,9.0,128,0,0,12
2025-03-10 05:00:00,19.1,64,8.1,121,0,0,2
2025-03-10 06:00:00,19.4,66,8.3,114,0,0,1
2025-03-10 07:00:00,19.8,64,9.4,119,0,0,22
2025-03-10 08:00:00,21.5,58,8.2,116,0,0,34
2025-03-10 09:00:00,24.2,50,9.2,118,0,0,8
2025-03-10 10:00:00,26.9,42,10.4,126,0,0,11
2025-03-10 11:00:00,29.1,35,13.2,135,0,0,83
2025-03-10 12:00:00,30.4,31,13.5,142,0,0,7
2025-03-10 13:00:00,31.2,29,12.1,147,0,0,0
2025-03-10 14:00:00,31.7,28,10.5,147,0,0,0
2025-03-10 15:00:00,31.8,27,10.1,149,0,0,8
2025-03-10 16:00:00,31.3,28,9.8,152,0,0,98
2025-03-10 17:00:00,30.4,30,9.1,159,0,0,99
2025-03-10 18:00:00,29.4,31,6.5,182,0,0,96
2025-03-10 19:00:00,27.5,39,3.8,149,0,0,73
2025-03-10 20:00:00,26.3,44,3.8,98,0,0,82
2025-03-10 21:00:00,25.4,46,4.6,103,0,0,98
2025-03-10 22:00:00,25.0,47,5.1,108,0,0,100
2025-03-10 23:00:00,24.2,50,4.7,122,0,0,100
2025-03-11 00:00:00,23.3,53,4.3,132,0,0,79
2025-03-11 01:00:00,22.3,57,4.7,133,0,0,22
2025-03-11 02:00:00,21.4,62,4.0,144,0,0,12
2025-03-11 03:00:00,20.7,64,4.3,152,0,0,72
2025-03-11 04:00:00,20.0,67,4.2,133,0,0,41
2025-03-11 05:00:00,19.6,70,2.0,100,0,0,16
2025-03-11 06:00:00,19.8,75,0.7,90,0,0,2
2025-03-11 07:00:00,20.9,70,2.1,105,0,0,0
2025-03-11 08:00:00,23.8,56,3.2,146,0,0,3
2025-03-11 09:00:00,27.3,42,2.7,113,0,0,31
2025-03-11 10:00:00,30.2,32,2.9,112,0,0,31
2025-03-11 11:00:00,32.3,26,1.3,135,0,2,41
2025-03-11 12:00:00,33.7,23,1.3,172,0,0,98
2025-03-11 13:00:00,34.4,22,3.2,232,0,0,100
2025-03-11 14:00:00,34.4,22,4.8,255,0,4,99
2025-03-11 15:00:00,34.5,21,5.4,270,0,36,75
2025-03-11 16:00:00,34.1,21,5.7,279,0,14,100
2025-03-11 17:00:00,32.7,24,6.4,322,0,4,96
2025-03-11 18:00:00,29.9,36,6.0,357,0,0,100
2025-03-11 19:00:00,28.9,39,5.4,360,0,0,99
2025-03-11 20:00:00,27.6,49,7.1,7,0,1,100
2025-03-11 21:00:00,26.4,54,4.8,349,0,0,94
2025-03-11 22:00:00,25.4,59,3.6,330,0,0,28
2025-03-11 23:00:00,24.5,60,3.7,313,0,0,7
2025-03-12 00:00:00,23.8,62,4.6,288,0,0,100
2025-03-12 01:00:00,23.0,65,6.5,268,0,0,2
2025-03-12 02:00:00,22.1,68,6.1,284,0,0,3
2025-03-12 03:00:00,21.4,72,5.8,292,0,0,16
2025-03-12 04:00:00,20.8,74,5.8,296,0,0,3
2025-03-12 05:00:00,20.5,73,5.6,299,0,0,0
2025-03-12 06:00:00,19.9,80,6.5,293,0,0,27
2025-03-12 07:00:00,20.8,75,8.0,286,0,0,7
2025-03-12 08:00:00,23.0,66,6.8,292,0,0,36
2025-03-12 09:00:00,26.1,52,7.6,304,0,0,36
2025-03-12 10:00:00,28.9,39,10.8,313,0,0,95
2025-03-12 11:00:00,30.6,32,11.1,310,0,0,96
2025-03-12 12:00:00,31.9,28,10.4,298,0,0,51
2025-03-12 13:00:00,32.9,25,11.1,286,0,0,57
2025-03-12 14:00:00,33.0,25,12.0,289,0,0,60
2025-03-12 15:00:00,32.8,25,12.2,294,0,0,99
2025-03-12 16:00:00,31.9,27,11.7,299,0,0,92
2025-03-12 17:00:00,30.8,30,10.2,307,0,0,100
2025-03-12 18:00:00,29.4,37,7.5,314,0,1,99
2025-03-12 19:00:00,28.5,42,6.0,327,0,1,100
2025-03-12 20:00:00,27.2,47,3.7,321,0,1,62
2025-03-12 21:00:00,26.3,50,3.5,305,0,0,100
2025-03-12 22:00:00,25.6,51,4.4,289,0,0,94
2025-03-12 23:00:00,25.1,52,5.0,316,0,0,100
2025-03-13 00:00:00,24.0,54,4.4,348,0,4,82
2025-03-13 01:00:00,23.2,56,4.7,9,0,1,89
2025-03-13 02:00:00,22.7,57,4.5,5,0,0,95
2025-03-13 03:00:00,22.6,58,1.9,338,0,0,68
2025-03-13 04:00:00,21.9,59,3.9,227,0,9,100
2025-03-13 05:00:00,21.6,58,4.6,257,0,0,56
2025-03-13 06:00:00,21.1,71,4.9,270,0,0,77
2025-03-13 07:00:00,21.5,69,6.0,275,0,0,14
2025-03-13 08:00:00,23.5,63,4.3,268,0,1,5
2025-03-13 09:00:00,26.3,53,3.8,281,0,45,39
2025-03-13 10:00:00,28.4,44,3.9,292,0,10,0
2025-03-13 11:00:00,26.5,51,14.8,354,0,0,0
2025-03-13 12:00:00,29.7,36,4.9,54,0,0,0
2025-03-13 13:00:00,31.3,32,3.3,112,0,4,16
2025-03-13 14:00:00,32.1,31,6.3,207,0,2,3
2025-03-13 15:00:00,31.1,33,11.2,221,2,30,19
2025-03-13 16:00:00,30.6,33,5.6,201,0,21,49
2025-03-13 17:00:00,22.6,72,12.9,289,0,92,48
2025-03-13 18:00:00,26.4,55,4.0,27,0,6,0
2025-03-13 19:00:00,25.6,54,5.4,40,0,4,0
2025-03-13 20:00:00,24.5,58,4.8,59,0,0,0
2025-03-13 21:00:00,24.0,58,5.1,18,0,1,0
2025-03-13 22:00:00,23.4,62,4.1,34,0,0,0
2025-03-13 23:00:00,22.9,62,4.0,36,0,0,0
2025-03-14 00:00:00,22.2,65,4.7,32,0,0,13
2025-03-14 01:00:00,22.0,64,3.9,47,0,0,90
2025-03-14 02:00:00,21.2,66,3.7,47,0,0,99
2025-03-14 03:00:00,20.6,68,3.0,52,0,0,96
2025-03-14 04:00:00,19.7,71,4.2,162,0,0,86
2025-03-14 05:00:00,19.1,75,3.5,168,0,0,78
2025-03-14 06:00:00,19.6,83,3.3,209,0,0,12
2025-03-14 07:00:00,20.5,79,4.8,209,0,0,0
2025-03-14 08:00:00,23.4,70,2.3,180,0,0,0
2025-03-14 09:00:00,26.6,55,3.2,164,0,0,0
2025-03-14 10:00:00,29.0,44,5.5,161,0,0,0
2025-03-14 11:00:00,30.8,37,5.8,164,0,1,1
2025-03-14 12:00:00,32.2,26,5.2,168,0,14,13
2025-03-14 13:00:00,32.9,22,6.3,160,0,5,27
2025-03-14 14:00:00,33.1,20,7.1,173,0,17,9
2025-03-14 15:00:00,33.3,19,9.4,211,0,59,94
2025-03-14 16:00:00,31.8,21,13.6,229,0,40,92
2025-03-14 17:00:00,30.5,26,7.7,240,0,70,40
2025-03-14 18:00:00,28.1,42,4.6,318,0,53,9
2025-03-14 19:00:00,27.4,49,3.4,335,0,42,16
2025-03-14 20:00:00,26.4,42,11.1,32,0,8,74
2025-03-14 21:00:00,24.3,58,7.5,350,0,51,20
2025-03-14 22:00:00,23.0,61,10.8,53,0,3,0
2025-03-14 23:00:00,22.7,59,8.8,46,0,38,27
2025-03-15 00:00:00,21.8,64,10.2,30,0,34,37
2025-03-15 01:00:00,21.0,66,10.2,48,0,6,0
2025-03-15 02:00:00,20.4,66,8.0,70,0,13,0
2025-03-15 03:00:00,20.0,66,5.7,44,0,4,0
2025-03-15 04:00:00,19.7,65,7.2,37,0,3,0
2025-03-15 05:00:00,19.1,66,5.7,58,0,2,0
2025-03-15 06:00:00,19.2,71,15.0,32,0,1,0
2025-03-15 07:00:00,19.6,68,12.5,40,0,0,18
2025-03-15 08:00:00,21.0,63,10.1,46,0,0,27
2025-03-15 09:00:00,23.1,55,10.7,49,0,0,97
2025-03-15 10:00:00,25.5,46,10.9,66,0,0,97
2025-03-15 11:00:00,27.3,42,10.3,79,0,0,100
2025-03-15 12:00:00,28.9,40,10.1,101,0,0,100
2025-03-15 13:00:00,30.3,37,10.1,119,0,0,100
2025-03-15 14:00:00,30.4,38,8.6,144,0,17,94
2025-03-15 15:00:00,30.4,38,6.8,145,0,16,90
2025-03-15 16:00:00,29.7,36,8.3,198,0,11,10
2025-03-15 17:00:00,29.0,38,4.5,194,0,0,2
2025-03-15 18:00:00,26.7,52,3.8,239,0,1,0
2025-03-15 19:00:00,26.0,51,4.8,312,0,0,0
2025-03-15 20:00:00,24.7,57,12.3,353,0,0,0
2025-03-15 21:00:00,23.3,62,11.2,357,0,1,0
2025-03-15 22:00:00,22.5,63,10.4,9,0,1,0
2025-03-15 23:00:00,21.7,64,10.3,7,0,0,0
2025-03-16 00:00:00,20.9,66,9.0,354,0,0,0
2025-03-16 01:00:00,20.3,67,9.0,347,0,0,0
2025-03-16 02:00:00,19.5,70,8.3,358,0,1,0
2025-03-16 03:00:00,19.0,73,6.6,344,0,3,0
2025-03-16 04:00:00,18.4,74,4.7,342,0,4,0
2025-03-16 05:00:00,18.1,73,7.1,330,0,15,0
2025-03-16 06:00:00,19.3,73,5.9,322,0,9,0
2025-03-16 07:00:00,19.8,70,7.0,299,0,0,0
2025-03-16 08:00:00,21.6,63,4.9,321,0,1,0
2025-03-16 09:00:00,23.1,57,6.1,5,0,0,0
2025-03-16 10:00:00,25.6,49,4.1,23,0,0,0
2025-03-16 11:00:00,27.5,42,4.1,41,0,1,0
2025-03-16 12:00:00,29.1,32,2.9,356,0,16,0
2025-03-16 13:00:00,30.0,25,6.8,287,0,26,0
2025-03-16 14:00:00,29.8,23,12.2,286,0,5,0
2025-03-16 15:00:00,29.5,24,12.9,285,0,5,0
2025-03-16 16:00:00,28.6,26,12.4,291,0,1,1
2025-03-16 17:00:00,27.4,29,11.7,290,0,1,0
2025-03-16 18:00:00,26.6,30,9.1,302,0,0,0
2025-03-16 19:00:00,25.4,35,8.2,310,0,0,0
2025-03-16 20:00:00,24.3,38,7.1,336,0,0,0
2025-03-16 21:00:00,23.5,40,6.6,347,0,0,0
2025-03-16 22:00:00,22.6,41,5.7,347,0,0,0
2025-03-16 23:00:00,21.5,43,5.2,346,0,0,0
2025-03-17 00:00:00,20.9,44,6.1,341,0,0,0
2025-03-17 01:00:00,20.1,46,6.0,351,0,0,0
2025-03-17 02:00:00,19.3,49,5.4,345,0,0,0
2025-03-17 03:00:00,18.7,51,5.2,344,0,0,0
2025-03-17 04:00:00,17.8,57,4.5,337,0,36,2
2025-03-17 05:00:00,17.7,56,4.7,288,0,90,29
2025-03-17 06:00:00,18.7,76,3.3,283,0,0,0
2025-03-17 07:00:00,19.4,72,6.3,267,0,0,0
2025-03-17 08:00:00,21.1,64,6.0,277,0,0,0
2025-03-17 09:00:00,23.6,55,6.6,291,0,0,0
2025-03-17 10:00:00,26.0,42,8.2,306,0,3,0
2025-03-17 11:00:00,27.4,32,11.3,303,1,14,0
2025-03-17 12:00:00,28.0,28,13.2,302,0,13,0
2025-03-17 13:00:00,28.3,28,14.0,306,0,3,1
2025-03-17 14:00:00,28.4,29,14.0,302,0,17,0
2025-03-17 15:00:00,28.0,29,14.0,302,0,4,0
2025-03-17 16:00:00,27.5,30,13.4,311,0,4,0
2025-03-17 17:00:00,26.5,32,12.5,314,0,0,0
2025-03-17 18:00:00,25.7,33,10.1,299,0,1,0
2025-03-17 19:00:00,24.6,38,7.3,306,0,2,0
2025-03-17 20:00:00,23.7,41,6.2,303,0,0,0
2025-03-17 21:00:00,22.8,43,4.9,294,0,0,0
2025-03-17 22:00:00,22.4,44,5.9,293,0,0,0
2025-03-17 23:00:00,21.3,47,5.2,297,0,0,0
2025-03-18 00:00:00,20.3,51,4.8,301,0,0,0
2025-03-18 01:00:00,19.8,52,5.6,318,0,0,0
2025-03-18 02:00:00,18.8,55,5.5,293,0,0,0
2025-03-18 03:00:00,18.2,57,6.4,292,0,0,0
2025-03-18 04:00:00,17.7,59,7.4,296,0,0,0
2025-03-18 05:00:00,17.2,60,7.2,302,0,0,8
2025-03-18 06:00:00,17.7,73,4.8,295,0,0,0
2025-03-18 07:00:00,18.7,68,6.4,252,0,0,0
2025-03-18 08:00:00,20.9,59,5.9,282,0,0,0
2025-03-18 09:00:00,23.6,47,7.4,292,0,0,0
2025-03-18 10:00:00,26.3,35,10.8,312,0,0,0
2025-03-18 11:00:00,27.9,29,11.3,317,0,0,0
2025-03-18 12:00:00,29.0,26,11.2,319,0,0,0
2025-03-18 13:00:00,29.7,24,11.3,316,0,0,0
2025-03-18 14:00:00,30.0,23,11.4,307,0,0,0
2025-03-18 15:00:00,29.8,23,11.8,299,0,0,0
2025-03-18 16:00:00,29.1,25,11.5,292,0,0,0
2025-03-18 17:00:00,28.0,28,11.0,280,0,0,0
2025-03-18 18:00:00,26.9,33,8.8,281,0,0,0
2025-03-18 19:00:00,25.6,39,7.9,270,0,0,0
2025-03-18 20:00:00,24.4,43,7.1,280,0,0,0
2025-03-18 21:00:00,23.5,44,5.5,281,0,0,0
2025-03-18 22:00:00,22.7,45,4.8,285,0,0,10
2025-03-18 23:00:00,22.4,43,5.3,278,0,17,30
2025-03-19 00:00:00,22.2,42,5.8,292,0,1,7
2025-03-19 01:00:00,21.1,46,5.6,303,0,4,0
2025-03-19 02:00:00,19.8,52,4.8,290,0,33,4
2025-03-19 03:00:00,19.0,55,4.3,268,0,95,22
2025-03-19 04:00:00,18.4,58,3.8,262,0,97,12
2025-03-19 05:00:00,17.9,61,3.6,267,0,69,1
2025-03-19 06:00:00,17.8,68,4.1,241,0,0,0
2025-03-19 07:00:00,19.1,63,6.7,262,0,0,0
2025-03-19 08:00:00,22.2,51,5.0,270,0,0,0
2025-03-19 09:00:00,25.8,39,5.2,268,0,0,0
2025-03-19 10:00:00,28.5,28,6.5,298,0,0,0
2025-03-19 11:00:00,30.3,22,7.5,310,0,0,0
2025-03-19 12:00:00,31.6,19,8.7,315,0,0,0
2025-03-19 13:00:00,32.2,18,9.4,317,0,2,0
2025-03-19 14:00:00,32.4,17,10.6,313,0,23,0
2025-03-19 15:00:00,31.9,18,11.1,313,0,15,0
2025-03-19 16:00:00,30.9,22,11.9,319,0,17,0
2025-03-19 17:00:00,29.7,26,10.7,319,0,3,0
2025-03-19 18:00:00,29.0,23,8.1,331,0,0,0
2025-03-19 19:00:00,27.6,29,5.1,342,0,0,0
2025-03-19 20:00:00,26.0,34,4.5,34,0,1,0
2025-03-19 21:00:00,25.0,36,2.9,97,0,0,0
2025-03-19 22:00:00,24.7,35,1.8,135,0,0,0
2025-03-19 23:00:00,24.1,35,2.3,39,0,0,0
2025-03-20 00:00:00,23.2,37,3.6,27,0,0,0
2025-03-20 01:00:00,22.4,38,4.4,19,0,0,0
2025-03-20 02:00:00,21.1,41,4.6,11,0,0,0
2025-03-20 03:00:00,20.3,44,3.5,35,0,0,0
2025-03-20 04:00:00,19.7,45,3.6,45,0,0,0
2025-03-20 05:00:00,19.2,46,3.4,32,0,0,0
2025-03-20 06:00:00,20.7,62,0.4,297,0,0,0
2025-03-20 07:00:00,21.7,55,2.2,305,0,0,0
2025-03-20 08:00:00,24.1,47,1.9,311,0,0,0
2025-03-20 09:00:00,27.6,35,1.4,310,0,0,0
2025-03-20 10:00:00,30.4,22,4.2,317,0,0,0
2025-03-20 11:00:00,31.9,17,6.6,311,0,0,0
2025-03-20 12:00:00,33.0,15,9.8,313,0,6,0
2025-03-20 13:00:00,33.1,14,11.9,321,0,9,5
2025-03-20 14:00:00,32.7,15,11.4,319,0,10,4
2025-03-20 15:00:00,32.2,17,11.3,321,0,13,12
2025-03-20 16:00:00,31.5,18,13.9,318,0,2,5
2025-03-20 17:00:00,30.2,21,13.7,315,0,0,0
2025-03-20 18:00:00,29.2,19,8.0,344,0,0,0
2025-03-20 19:00:00,27.4,23,4.0,321,0,0,0
2025-03-20 20:00:00,26.5,29,5.8,274,0,0,0
2025-03-20 21:00:00,25.3,39,6.7,265,0,0,0
2025-03-20 22:00:00,24.7,41,8.7,292,0,4,0
2025-03-20 23:00:00,23.7,37,8.2,319,0,0,0
2025-03-21 00:00:00,22.8,35,6.3,333,0,0,0
2025-03-21 01:00:00,21.9,36,5.5,343,0,0,0
2025-03-21 02:00:00,21.4,37,5.6,338,0,0,0
2025-03-21 03:00:00,20.7,39,5.6,335,0,0,0
2025-03-21 04:00:00,20.3,40,6.0,331,0,0,0
2025-03-21 05:00:00,20.0,41,6.5,336,0,0,0
2025-03-21 06:00:00,19.5,60,6.0,291,0,0,0
2025-03-21 07:00:00,20.5,57,7.0,293,0,0,0
2025-03-21 08:00:00,22.6,50,5.6,292,0,0,0
2025-03-21 09:00:00,25.2,42,6.1,298,0,0,0
2025-03-21 10:00:00,27.8,34,7.4,311,0,0,0
2025-03-21 11:00:00,30.1,24,10.2,323,0,0,0
2025-03-21 12:00:00,31.6,18,12.6,324,0,14,0
2025-03-21 13:00:00,32.0,16,13.8,319,0,19,0
2025-03-21 14:00:00,32.1,15,15.1,310,0,16,0
2025-03-21 15:00:00,31.7,15,15.5,306,0,1,0
2025-03-21 16:00:00,31.0,17,15.4,305,0,1,0
2025-03-21 17:00:00,29.8,20,14.1,301,0,5,0
2025-03-21 18:00:00,28.5,23,10.4,293,0,0,0
2025-03-21 19:00:00,27.0,27,9.2,290,0,0,0
2025-03-21 20:00:00,25.8,30,7.1,286,0,0,0
2025-03-21 21:00:00,24.7,32,7.8,292,0,0,0
2025-03-21 22:00:00,23.6,33,7.0,299,0,0,0
2025-03-21 23:00:00,22.9,34,6.9,300,0,0,0
2025-03-22 00:00:00,21.8,36,5.3,308,0,0,0
2025-03-22 01:00:00,21.1,37,4.7,286,0,0,0
2025-03-22 02:00:00,20.7,39,3.9,304,0,0,0
2025-03-22 03:00:00,20.2,38,7.1,255,0,0,0
2025-03-22 04:00:00,18.7,44,6.1,256,0,0,0
2025-03-22 05:00:00,18.1,46,6.9,239,0,0,0
2025-03-22 06:00:00,19.5,52,6.3,257,0,0,0
2025-03-22 07:00:00,20.8,48,8.0,250,0,0,0
2025-03-22 08:00:00,23.2,41,5.6,291,0,1,0
2025-03-22 09:00:00,26.3,33,6.1,268,0,0,0
2025-03-22 10:00:00,29.0,27,7.9,270,0,0,1
2025-03-22 11:00:00,30.6,23,10.5,277,0,1,3
2025-03-22 12:00:00,31.4,20,16.1,300,0,22,26
2025-03-22 13:00:00,30.9,20,13.1,307,0,26,18
2025-03-22 14:00:00,31.3,20,14.5,301,0,9,3
2025-03-22 15:00:00,31.3,19,14.2,303,0,12,9
2025-03-22 16:00:00,31.0,19,14.2,309,0,14,5
2025-03-22 17:00:00,29.7,20,13.4,321,0,5,0
2025-03-22 18:00:00,28.6,22,10.7,318,0,0,0
2025-03-22 19:00:00,27.0,27,5.5,316,0,0,0
2025-03-22 20:00:00,25.5,34,4.3,315,0,0,0
2025-03-22 21:00:00,24.6,39,3.5,332,0,0,0
2025-03-22 22:00:00,23.7,41,4.7,358,0,0,0
2025-03-22 23:00:00,23.0,43,4.6,21,0,0,0
2025-03-23 00:00:00,22.4,44,4.3,57,0,0,0
2025-03-23 01:00:00,21.6,46,3.0,107,0,0,0
2025-03-23 02:00:00,20.6,49,2.2,156,0,0,0
2025-03-23 03:00:00,19.9,51,2.2,194,0,0,0
2025-03-23 04:00:00,19.0,54,3.2,214,0,0,0
2025-03-23 05:00:00,18.6,54,3.4,196,0,0,0
2025-03-23 06:00:00,18.7,62,3.4,177,0,0,0
2025-03-23 07:00:00,20.9,52,4.7,164,0,0,0
2025-03-23 08:00:00,24.2,42,1.9,163,0,0,0
2025-03-23 09:00:00,27.4,31,3.8,185,0,0,0
2025-03-23 10:00:00,29.4,25,6.5,180,0,0,0
2025-03-23 11:00:00,30.5,23,7.4,187,0,0,0
2025-03-23 12:00:00,31.4,21,7.5,195,0,0,0
2025-03-23 13:00:00,32.2,19,6.5,212,0,0,0
2025-03-23 14:00:00,32.7,18,6.5,236,0,0,0
2025-03-23 15:00:00,32.8,17,7.8,266,0,0,0
2025-03-23 16:00:00,32.4,17,9.3,280,0,0,0
2025-03-23 17:00:00,31.2,17,10.3,277,0,0,0
2025-03-23 18:00:00,29.8,21,8.3,286,0,0,0
2025-03-23 19:00:00,28.4,23,5.6,329,0,0,0
2025-03-23 20:00:00,27.1,27,4.2,5,0,0,0
2025-03-23 21:00:00,25.9,30,3.4,96,0,0,0
2025-03-23 22:00:00,25.3,32,5.2,117,0,0,0
2025-03-23 23:00:00,24.2,37,2.7,98,0,0,0
2025-03-24 00:00:00,23.4,40,2.2,132,0,0,0
2025-03-24 01:00:00,22.6,42,3.1,140,0,0,0
2025-03-24 02:00:00,22.3,43,2.1,149,0,0,0
2025-03-24 03:00:00,22.3,44,0.5,225,0,0,0
2025-03-24 04:00:00,21.6,45,0.9,307,0,0,0
2025-03-24 05:00:00,20.1,49,2.6,254,0,0,0
2025-03-24 06:00:00,20.2,55,5.7,156,0,0,0
2025-03-24 07:00:00,21.2,52,7.5,165,0,0,0
2025-03-24 08:00:00,24.1,43,5.4,165,0,0,0
2025-03-24 09:00:00,27.6,34,6.2,172,0,0,0
2025-03-24 10:00:00,30.2,26,8.5,178,0,0,0
2025-03-24 11:00:00,31.7,21,7.9,184,0,0,0
2025-03-24 12:00:00,32.8,19,6.7,186,0,0,0
2025-03-24 13:00:00,33.6,17,5.7,193,0,0,0
2025-03-24 14:00:00,34.0,16,5.7,208,0,0,0
2025-03-24 15:00:00,34.0,16,5.8,231,0,0,0
2025-03-24 16:00:00,33.6,16,6.6,253,0,0,0
2025-03-24 17:00:00,32.8,17,6.5,264,0,0,0
2025-03-24 18:00:00,31.2,19,2.7,328,0,0,0
2025-03-24 19:00:00,29.5,21,3.8,31,0,0,0
2025-03-24 20:00:00,28.4,26,4.5,53,0,0,0
2025-03-24 21:00:00,27.4,30,6.0,51,0,0,0
2025-03-24 22:00:00,26.5,34,6.7,46,0,0,0
2025-03-24 23:00:00,25.1,39,5.4,48,0,0,0
2025-03-25 00:00:00,24.3,41,5.1,82,0,0,0
2025-03-25 01:00:00,23.6,43,5.8,112,0,0,0
2025-03-25 02:00:00,22.7,47,5.8,116,0,0,0
2025-03-25 03:00:00,21.9,51,5.5,136,0,0,0
2025-03-25 04:00:00,21.3,53,5.3,147,0,0,0
2025-03-25 05:00:00,21.0,53,6.3,145,0,0,0
2025-03-25 06:00:00,21.1,55,8.1,145,0,0,0
2025-03-25 07:00:00,22.3,49,8.5,144,0,0,0
2025-03-25 08:00:00,25.3,41,4.1,135,0,0,0
2025-03-25 09:00:00,29.1,30,4.3,138,0,0,0
2025-03-25 10:00:00,31.9,22,5.5,153,0,0,0
2025-03-25 11:00:00,33.7,19,4.9,172,0,0,0
2025-03-25 12:00:00,35.0,17,4.2,187,0,0,0
2025-03-25 13:00:00,35.9,15,3.9,214,0,0,0
2025-03-25 14:00:00,36.5,14,5.5,259,0,0,0
2025-03-25 15:00:00,36.5,13,8.7,283,0,0,0
2025-03-25 16:00:00,36.0,12,9.7,299,0,1,0
2025-03-25 17:00:00,35.3,12,7.6,326,0,2,0
2025-03-25 18:00:00,33.2,16,7.2,18,0,0,0
2025-03-25 19:00:00,31.4,23,7.6,18,0,0,0
2025-03-25 20:00:00,30.0,26,7.1,10,0,0,0
2025-03-25 21:00:00,28.9,31,5.6,22,0,0,0
2025-03-25 22:00:00,27.3,37,4.4,78,0,0,0
2025-03-25 23:00:00,26.6,39,5.6,83,0,0,0
2025-03-26 00:00:00,25.2,43,4.1,113,0,0,0
2025-03-26 01:00:00,24.2,45,3.9,137,0,0,0
2025-03-26 02:00:00,23.7,45,4.5,146,0,0,0
2025-03-26 03:00:00,22.8,47,4.0,177,0,0,0
2025-03-26 04:00:00,22.7,48,1.5,210,0,0,0
2025-03-26 05:00:00,22.4,49,1.5,194,0,0,0
2025-03-26 06:00:00,21.9,56,1.5,277,0,0,0
2025-03-26 07:00:00,23.5,50,4.3,222,0,0,0
2025-03-26 08:00:00,27.7,38,3.6,210,0,0,0
2025-03-26 09:00:00,31.3,29,4.5,209,0,0,0
2025-03-26 10:00:00,34.1,20,6.8,205,0,0,0
2025-03-26 11:00:00,35.8,16,7.0,198,0,0,0
2025-03-26 12:00:00,36.9,14,5.6,184,0,0,0
2025-03-26 13:00:00,37.7,12,5.4,178,0,0,0
2025-03-26 14:00:00,38.0,12,7.1,186,0,0,0
2025-03-26 15:00:00,37.9,11,9.8,210,0,0,0
2025-03-26 16:00:00,37.1,11,12.2,225,0,0,0
2025-03-26 17:00:00,36.1,13,10.7,228,0,0,0
2025-03-26 18:00:00,34.3,16,2.8,125,0,0,0
2025-03-26 19:00:00,32.9,16,4.9,82,0,0,0
2025-03-26 20:00:00,31.4,18,4.4,55,0,0,0
2025-03-26 21:00:00,30.3,24,6.8,87,0,0,0
2025-03-26 22:00:00,28.6,29,5.4,76,0,0,0
2025-03-26 23:00:00,27.3,33,5.1,129,0,0,0
2025-03-27 00:00:00,26.6,34,4.5,130,0,0,1
2025-03-27 01:00:00,26.1,35,4.3,158,0,0,33
2025-03-27 02:00:00,25.7,36,4.8,167,0,0,48
2025-03-27 03:00:00,25.3,37,2.5,201,0,0,42
2025-03-27 04:00:00,25.1,36,5.5,199,0,0,70
2025-03-27 05:00:00,24.3,37,5.0,257,0,0,14
2025-03-27 06:00:00,24.2,41,5.7,259,0,0,13
2025-03-27 07:00:00,24.8,39,6.7,251,0,0,3
2025-03-27 08:00:00,27.3,33,5.9,252,0,0,0
2025-03-27 09:00:00,30.5,27,7.3,261,0,0,16
2025-03-27 10:00:00,32.7,23,10.1,271,0,0,10
2025-03-27 11:00:00,34.4,21,11.0,284,0,0,0
2025-03-27 12:00:00,35.7,19,11.8,295,0,0,0
2025-03-27 13:00:00,36.3,17,12.2,294,0,0,13
2025-03-27 14:00:00,36.3,16,12.8,290,0,0,34
2025-03-27 15:00:00,36.0,16,10.5,299,0,0,48
2025-03-27 16:00:00,35.8,17,6.5,283,0,4,33
2025-03-27 17:00:00,35.0,18,5.2,272,0,1,10
2025-03-27 18:00:00,33.5,20,3.9,336,0,8,11
2025-03-27 19:00:00,32.0,22,5.0,345,0,0,0
2025-03-27 20:00:00,30.5,26,4.3,360,0,0,0
2025-03-27 21:00:00,29.4,28,4.7,23,0,0,0
2025-03-27 22:00:00,29.2,30,1.8,354,0,0,0
2025-03-27 23:00:00,28.2,31,1.6,264,0,0,0
2025-03-28 00:00:00,26.8,33,5.2,274,0,0,0
2025-03-28 01:00:00,25.2,38,7.0,267,0,0,0
2025-03-28 02:00:00,24.1,44,10.1,268,0,0,0
2025-03-28 03:00:00,23.7,39,13.3,271,0,0,0
2025-03-28 04:00:00,22.8,29,13.4,285,0,0,0
2025-03-28 05:00:00,22.1,31,11.3,301,0,0,0
2025-03-28 06:00:00,21.9,37,9.3,316,0,0,0
2025-03-28 07:00:00,22.9,34,8.4,304,0,0,0
2025-03-28 08:00:00,24.7,30,10.0,298,0,0,0
2025-03-28 09:00:00,26.4,28,12.3,293,0,0,0
2025-03-28 10:00:00,28.0,25,13.3,300,0,0,0
2025-03-28 11:00:00,29.8,19,11.6,298,0,0,0
2025-03-28 12:00:00,30.8,14,12.0,291,0,0,0
2025-03-28 13:00:00,31.1,12,12.8,285,0,0,0
2025-03-28 14:00:00,31.1,12,13.2,280,0,0,0
2025-03-28 15:00:00,30.6,12,13.5,280,0,0,0
2025-03-28 16:00:00,29.9,12,13.8,281,0,0,0
2025-03-28 17:00:00,28.8,13,13.5,280,0,0,0
2025-03-28 18:00:00,27.8,19,12.8,298,0,0,0
2025-03-28 19:00:00,26.4,23,14.6,305,0,0,0
2025-03-28 20:00:00,25.3,24,14.8,304,0,0,0
2025-03-28 21:00:00,24.1,22,15.5,308,0,0,2
2025-03-28 22:00:00,23.1,20,14.7,309,0,0,16
2025-03-28 23:00:00,22.2,19,14.0,307,0,0,15
2025-03-29 00:00:00,21.3,18,13.8,305,0,0,0
2025-03-29 01:00:00,20.4,18,13.6,306,0,0,0
2025-03-29 02:00:00,19.6,19,13.1,306,0,0,4
2025-03-29 03:00:00,18.7,21,13.1,303,0,0,83
2025-03-29 04:00:00,18.0,23,12.9,303,0,0,59
2025-03-29 05:00:00,17.5,24,12.7,301,0,0,6
2025-03-29 06:00:00,16.3,32,12.3,295,0,0,61
2025-03-29 07:00:00,16.9,32,10.8,285,0,0,95
2025-03-29 08:00:00,19.0,29,12.0,287,0,0,88
2025-03-29 09:00:00,21.5,26,13.6,292,0,0,97
2025-03-29 10:00:00,24.0,22,14.8,300,0,0,85
2025-03-29 11:00:00,26.0,19,14.9,306,0,0,100
2025-03-29 12:00:00,27.4,17,14.0,306,0,0,100
2025-03-29 13:00:00,28.6,16,14.3,303,0,0,100
2025-03-29 14:00:00,28.9,17,14.7,298,0,0,100
2025-03-29 15:00:00,29.0,19,14.7,298,0,0,100
2025-03-29 16:00:00,28.6,20,14.9,301,0,4,100
2025-03-29 17:00:00,27.6,19,15.2,299,0,17,100
2025-03-29 18:00:00,26.1,21,11.0,291,0,0,100
2025-03-29 19:00:00,25.4,23,11.4,283,0,0,98
2025-03-29 20:00:00,24.8,22,12.7,291,0,0,97
2025-03-29 21:00:00,24.1,20,12.1,295,0,0,64
2025-03-29 22:00:00,23.2,21,11.8,298,0,0,100
2025-03-29 23:00:00,22.7,21,10.4,296,0,0,100
2025-03-30 00:00:00,22.1,22,11.1,302,0,0,88
2025-03-30 01:00:00,21.2,23,10.9,301,0,0,100
2025-03-30 02:00:00,20.3,25,9.9,297,0,0,73
2025-03-30 03:00:00,19.5,26,8.9,299,0,0,0
2025-03-30 04:00:00,18.7,27,8.6,292,0,0,0
2025-03-30 05:00:00,18.1,28,8.9,291,0,0,0
2025-03-30 06:00:00,17.6,33,10.0,303,0,0,0
2025-03-30 07:00:00,18.8,31,10.3,297,0,0,0
2025-03-30 08:00:00,21.2,28,7.5,291,0,0,0
2025-03-30 09:00:00,24.2,23,8.8,290,0,0,0
2025-03-30 10:00:00,27.1,18,10.8,303,0,7,0
2025-03-30 11:00:00,29.2,14,12.3,304,0,25,1
2025-03-30 12:00:00,30.5,13,12.4,303,0,32,7
2025-03-30 13:00:00,31.2,14,12.6,295,0,33,5
2025-03-30 14:00:00,31.6,14,12.3,292,0,57,4
2025-03-30 15:00:00,31.5,14,12.2,289,0,32,1
2025-03-30 16:00:00,30.8,16,11.9,288,0,0,0
2025-03-30 17:00:00,29.8,17,11.6,289,0,0,0
2025-03-30 18:00:00,28.3,19,9.4,296,0,0,0
2025-03-30 19:00:00,27.1,21,8.9,306,0,0,0
2025-03-30 20:00:00,26.0,23,6.6,305,0,0,0
2025-03-30 21:00:00,25.1,24,6.6,296,0,0,0
2025-03-30 22:00:00,24.4,24,7.1,285,0,0,0
2025-03-30 23:00:00,23.8,24,8.2,289,0,0,0
2025-03-31 00:00:00,22.5,25,7.4,309,0,0,0
2025-03-31 01:00:00,21.4,26,6.7,301,0,0,0
2025-03-31 02:00:00,20.7,27,6.9,300,0,0,0
2025-03-31 03:00:00,19.9,27,6.3,301,0,0,0
2025-03-31 04:00:00,19.2,28,6.4,299,0,0,0
2025-03-31 05:00:00,18.4,30,5.9,288,0,0,0
2025-03-31 06:00:00,17.7,37,5.2,272,0,0,0
2025-03-31 07:00:00,19.3,34,7.2,266,0,0,0
2025-03-31 08:00:00,22.1,30,5.4,266,0,0,0
2025-03-31 09:00:00,25.6,25,6.3,277,0,0,0
2025-03-31 10:00:00,28.9,20,8.3,292,0,0,0
2025-03-31 11:00:00,31.2,16,9.7,301,0,0,0
2025-03-31 12:00:00,32.8,13,9.9,307,0,0,0
2025-03-31 13:00:00,33.7,12,10.6,305,0,0,0
2025-03-31 14:00:00,34.0,12,11.4,297,0,0,0
2025-03-31 15:00:00,33.8,11,12.5,293,0,0,0
2025-03-31 16:00:00,33.1,11,13.4,292,0,0,0
2025-03-31 17:00:00,31.9,13,13.5,289,0,0,0
2025-03-31 18:00:00,30.7,14,10.5,286,0,0,0
2025-03-31 19:00:00,28.6,19,8.1,282,0,0,0
2025-03-31 20:00:00,27.4,21,7.8,296,0,0,0
2025-03-31 21:00:00,26.6,20,7.0,302,0,0,0
2025-03-31 22:00:00,26.5,18,10.6,305,0,0,0
2025-03-31 23:00:00,25.1,20,7.8,322,0,0,0
